CREATE DATABASE  IF NOT EXISTS `LMS` /*!40100 DEFAULT CHARACTER SET utf8mb4 COLLATE utf8mb4_0900_ai_ci */ /*!80016 DEFAULT ENCRYPTION='N' */;
USE `LMS`;
-- MySQL dump 10.13  Distrib 8.0.36, for Linux (x86_64)
--
-- Host: 127.0.0.1    Database: LMS
-- ------------------------------------------------------
-- Server version	8.0.36-0ubuntu0.22.04.1

/*!40101 SET @OLD_CHARACTER_SET_CLIENT=@@CHARACTER_SET_CLIENT */;
/*!40101 SET @OLD_CHARACTER_SET_RESULTS=@@CHARACTER_SET_RESULTS */;
/*!40101 SET @OLD_COLLATION_CONNECTION=@@COLLATION_CONNECTION */;
/*!50503 SET NAMES utf8 */;
/*!40103 SET @OLD_TIME_ZONE=@@TIME_ZONE */;
/*!40103 SET TIME_ZONE='+00:00' */;
/*!40014 SET @OLD_UNIQUE_CHECKS=@@UNIQUE_CHECKS, UNIQUE_CHECKS=0 */;
/*!40014 SET @OLD_FOREIGN_KEY_CHECKS=@@FOREIGN_KEY_CHECKS, FOREIGN_KEY_CHECKS=0 */;
/*!40101 SET @OLD_SQL_MODE=@@SQL_MODE, SQL_MODE='NO_AUTO_VALUE_ON_ZERO' */;
/*!40111 SET @OLD_SQL_NOTES=@@SQL_NOTES, SQL_NOTES=0 */;

--
-- Table structure for table `authorities`
--

DROP TABLE IF EXISTS `authorities`;
/*!40101 SET @saved_cs_client     = @@character_set_client */;
/*!50503 SET character_set_client = utf8mb4 */;
CREATE TABLE `authorities` (
  `username` varchar(50) NOT NULL,
  `authority` varchar(50) NOT NULL,
  UNIQUE KEY `authorities4_idx_1` (`username`,`authority`),
  CONSTRAINT `authorities4_ibfk_1` FOREIGN KEY (`username`) REFERENCES `users` (`username`)
) ENGINE=InnoDB DEFAULT CHARSET=latin1;
/*!40101 SET character_set_client = @saved_cs_client */;

--
-- Dumping data for table `authorities`
--

LOCK TABLES `authorities` WRITE;
/*!40000 ALTER TABLE `authorities` DISABLE KEYS */;
INSERT INTO `authorities` VALUES ('john','ROLE_EMPLOYEE'),('mary','ROLE_EMPLOYEE'),('mary','ROLE_MANAGER'),('susan','ROLE_ADMIN'),('susan','ROLE_EMPLOYEE'),('susan','ROLE_MANAGER');
/*!40000 ALTER TABLE `authorities` ENABLE KEYS */;
UNLOCK TABLES;

--
-- Table structure for table `courses`
--

DROP TABLE IF EXISTS `courses`;
/*!40101 SET @saved_cs_client     = @@character_set_client */;
/*!50503 SET character_set_client = utf8mb4 */;
CREATE TABLE `courses` (
  `course_id` int NOT NULL AUTO_INCREMENT,
  `course_name` varchar(100) NOT NULL,
  `instructor_name` varchar(255) DEFAULT NULL,
  `mail` varchar(230) DEFAULT NULL,
  PRIMARY KEY (`course_id`)
) ENGINE=InnoDB AUTO_INCREMENT=14 DEFAULT CHARSET=utf8mb4 COLLATE=utf8mb4_0900_ai_ci;
/*!40101 SET character_set_client = @saved_cs_client */;

--
-- Dumping data for table `courses`
--

LOCK TABLES `courses` WRITE;
/*!40000 ALTER TABLE `courses` DISABLE KEYS */;
INSERT INTO `courses` VALUES (1,'Digital Logic Design','susan','susan@gmail.com'),(2,'Computer Networks','susan','susan@gmail.com'),(3,'Microelectronics','susan','susan@gmail.com'),(4,'Operating Systems','susan','susan@gmail.com'),(5,'Machine Learning','susan','susan@gmail.com'),(6,'Embedded Systems','susan','susan@gmail.com'),(7,'Power Electronics','susan','susan@gmail.com'),(8,'Database Systems','susan','susan@gmail.com'),(9,'Circuit Theory','andrew','andrew@gmail.com'),(10,'Computer Architecture','andrew','andrew@gmail.com'),(11,'Digital Signal Processing','Andrew','andrew@gmail.com'),(12,'Deep Learning','Andrew','andrew'),(13,'DSP','andrew','andrew@gmail.com');
/*!40000 ALTER TABLE `courses` ENABLE KEYS */;
UNLOCK TABLES;

--
-- Table structure for table `grades`
--

DROP TABLE IF EXISTS `grades`;
/*!40101 SET @saved_cs_client     = @@character_set_client */;
/*!50503 SET character_set_client = utf8mb4 */;
CREATE TABLE `grades` (
  `grade_id` int NOT NULL AUTO_INCREMENT,
  `course_id` int DEFAULT NULL,
  `student_id` int DEFAULT NULL,
  `grade` varchar(2) DEFAULT NULL,
  PRIMARY KEY (`grade_id`),
  KEY `course_id` (`course_id`),
  KEY `student_id` (`student_id`),
  CONSTRAINT `grades_ibfk_1` FOREIGN KEY (`course_id`) REFERENCES `courses` (`course_id`),
  CONSTRAINT `grades_ibfk_2` FOREIGN KEY (`student_id`) REFERENCES `students` (`student_id`)
) ENGINE=InnoDB AUTO_INCREMENT=7 DEFAULT CHARSET=utf8mb4 COLLATE=utf8mb4_0900_ai_ci;
/*!40101 SET character_set_client = @saved_cs_client */;

--
-- Dumping data for table `grades`
--

LOCK TABLES `grades` WRITE;
/*!40000 ALTER TABLE `grades` DISABLE KEYS */;
INSERT INTO `grades` VALUES (1,1,1,'A'),(2,1,2,'B'),(3,1,3,'C'),(4,2,1,'B'),(5,2,2,'A-'),(6,2,3,'B+');
/*!40000 ALTER TABLE `grades` ENABLE KEYS */;
UNLOCK TABLES;

--
-- Table structure for table `instructors`
--

DROP TABLE IF EXISTS `instructors`;
/*!40101 SET @saved_cs_client     = @@character_set_client */;
/*!50503 SET character_set_client = utf8mb4 */;
CREATE TABLE `instructors` (
  `instructor_id` int NOT NULL AUTO_INCREMENT,
  `instructor_name` varchar(100) NOT NULL,
  PRIMARY KEY (`instructor_id`)
) ENGINE=InnoDB AUTO_INCREMENT=4 DEFAULT CHARSET=utf8mb4 COLLATE=utf8mb4_0900_ai_ci;
/*!40101 SET character_set_client = @saved_cs_client */;

--
-- Dumping data for table `instructors`
--

LOCK TABLES `instructors` WRITE;
/*!40000 ALTER TABLE `instructors` DISABLE KEYS */;
INSERT INTO `instructors` VALUES (1,'susan'),(2,'andrew'),(3,'Instructor C');
/*!40000 ALTER TABLE `instructors` ENABLE KEYS */;
UNLOCK TABLES;

--
-- Table structure for table `members`
--

DROP TABLE IF EXISTS `members`;
/*!40101 SET @saved_cs_client     = @@character_set_client */;
/*!50503 SET character_set_client = utf8mb4 */;
CREATE TABLE `members` (
  `user_id` varchar(50) NOT NULL,
  `pw` char(68) NOT NULL,
  `active` tinyint NOT NULL,
  PRIMARY KEY (`user_id`)
) ENGINE=InnoDB DEFAULT CHARSET=latin1;
/*!40101 SET character_set_client = @saved_cs_client */;

--
-- Dumping data for table `members`
--

LOCK TABLES `members` WRITE;
/*!40000 ALTER TABLE `members` DISABLE KEYS */;
INSERT INTO `members` VALUES ('andrew','{bcrypt}$2a$10$qeS0HEh7urweMojsnwNAR.vcXJeXR1UcMRZ2WcGQl9YeuspUdgF.q',1),('jack','{bcrypt}$2a$10$qeS0HEh7urweMojsnwNAR.vcXJeXR1UcMRZ2WcGQl9YeuspUdgF.q',1),('john','{bcrypt}$2a$10$qeS0HEh7urweMojsnwNAR.vcXJeXR1UcMRZ2WcGQl9YeuspUdgF.q',1),('mary','{bcrypt}$2a$10$qeS0HEh7urweMojsnwNAR.vcXJeXR1UcMRZ2WcGQl9YeuspUdgF.q',1),('susan','{bcrypt}$2a$10$qeS0HEh7urweMojsnwNAR.vcXJeXR1UcMRZ2WcGQl9YeuspUdgF.q',1);
/*!40000 ALTER TABLE `members` ENABLE KEYS */;
UNLOCK TABLES;

--
-- Table structure for table `parents`
--

DROP TABLE IF EXISTS `parents`;
/*!40101 SET @saved_cs_client     = @@character_set_client */;
/*!50503 SET character_set_client = utf8mb4 */;
CREATE TABLE `parents` (
  `parent_id` int NOT NULL AUTO_INCREMENT,
  `parent_name` varchar(100) NOT NULL,
  PRIMARY KEY (`parent_id`)
) ENGINE=InnoDB AUTO_INCREMENT=4 DEFAULT CHARSET=utf8mb4 COLLATE=utf8mb4_0900_ai_ci;
/*!40101 SET character_set_client = @saved_cs_client */;

--
-- Dumping data for table `parents`
--

LOCK TABLES `parents` WRITE;
/*!40000 ALTER TABLE `parents` DISABLE KEYS */;
INSERT INTO `parents` VALUES (1,'mary'),(2,'Parent Y'),(3,'Parent Z');
/*!40000 ALTER TABLE `parents` ENABLE KEYS */;
UNLOCK TABLES;

--
-- Table structure for table `roles`
--

DROP TABLE IF EXISTS `roles`;
/*!40101 SET @saved_cs_client     = @@character_set_client */;
/*!50503 SET character_set_client = utf8mb4 */;
CREATE TABLE `roles` (
  `user_id` varchar(50) NOT NULL,
  `role` varchar(50) NOT NULL,
  UNIQUE KEY `authorities5_idx_1` (`user_id`,`role`),
  CONSTRAINT `authorities5_ibfk_1` FOREIGN KEY (`user_id`) REFERENCES `members` (`user_id`)
) ENGINE=InnoDB DEFAULT CHARSET=latin1;
/*!40101 SET character_set_client = @saved_cs_client */;

--
-- Dumping data for table `roles`
--

LOCK TABLES `roles` WRITE;
/*!40000 ALTER TABLE `roles` DISABLE KEYS */;
INSERT INTO `roles` VALUES ('andrew','ROLE_ADMIN'),('jack','ROLE_EMPLOYEE'),('john','ROLE_EMPLOYEE'),('mary','ROLE_MANAGER'),('susan','ROLE_ADMIN');
/*!40000 ALTER TABLE `roles` ENABLE KEYS */;
UNLOCK TABLES;

--
-- Table structure for table `student`
--

DROP TABLE IF EXISTS `student`;
/*!40101 SET @saved_cs_client     = @@character_set_client */;
/*!50503 SET character_set_client = utf8mb4 */;
CREATE TABLE `student` (
  `student_id` int NOT NULL AUTO_INCREMENT,
  `student_name` varchar(100) DEFAULT NULL,
  `course_name` varchar(100) DEFAULT NULL,
  `parent_name` varchar(100) DEFAULT NULL,
  `instructor_name` varchar(100) DEFAULT NULL,
  `grade` varchar(5) DEFAULT NULL,
  `parent_id` int DEFAULT NULL,
  `instructor_id` int DEFAULT NULL,
  PRIMARY KEY (`student_id`),
  KEY `parent_id` (`parent_id`),
  KEY `instructor_id` (`instructor_id`),
  CONSTRAINT `student_ibfk_1` FOREIGN KEY (`parent_id`) REFERENCES `parents` (`parent_id`),
  CONSTRAINT `student_ibfk_2` FOREIGN KEY (`instructor_id`) REFERENCES `instructors` (`instructor_id`)
) ENGINE=InnoDB AUTO_INCREMENT=15 DEFAULT CHARSET=utf8mb4 COLLATE=utf8mb4_0900_ai_ci;
/*!40101 SET character_set_client = @saved_cs_client */;

--
-- Dumping data for table `student`
--

LOCK TABLES `student` WRITE;
/*!40000 ALTER TABLE `student` DISABLE KEYS */;
INSERT INTO `student` VALUES (1,'John','Digital Logic Design','Mary','susan','A',1,1),(2,'Jack','Computer Networks','Mary','susan','B',1,1),(3,'John','Microelectronics','Mary','susan','C',1,1),(4,'Jack','Operating Systems','Mary','susan','B',1,1),(5,'John','Machine Learning','Mary','susan','A',1,1),(6,'Jack','Embedded Systems','Mary','susan','B',1,1),(7,'John','Power Electronics','Mary','susan','B',1,1),(8,'Jack','Database Systems','Mary','susan','C',1,1),(9,'John','Circuit Theory','Anna','andrew','F',2,2),(10,'Jack','Computer Architecture','Anna','andrew','B',2,2);
/*!40000 ALTER TABLE `student` ENABLE KEYS */;
UNLOCK TABLES;
/*!40103 SET TIME_ZONE=@OLD_TIME_ZONE */;

/*!40101 SET SQL_MODE=@OLD_SQL_MODE */;
/*!40014 SET FOREIGN_KEY_CHECKS=@OLD_FOREIGN_KEY_CHECKS */;
/*!40014 SET UNIQUE_CHECKS=@OLD_UNIQUE_CHECKS */;
/*!40101 SET CHARACTER_SET_CLIENT=@OLD_CHARACTER_SET_CLIENT */;
/*!40101 SET CHARACTER_SET_RESULTS=@OLD_CHARACTER_SET_RESULTS */;
/*!40101 SET COLLATION_CONNECTION=@OLD_COLLATION_CONNECTION */;
/*!40111 SET SQL_NOTES=@OLD_SQL_NOTES */;

-- Dump completed on 2024-03-22 15:13:59
